"metric","value"
"threshold",0.477886529287546
"specificity",0.530612244897959
"sensitivity",0.879310344827586
"accuracy",0.719626168224299
